Date,Original Date,Account Type,Account Name,Account Number,Institution Name,Name,Custom Name,Amount,Description,Category,Note,Ignored From,Tax Deductible,Transaction Tags
2026-05-01,2026-05-01,checking,Everyday Checking,1234,Big Bank,Paycheck,,-3200.00,DIRECT DEPOSIT,Income,,,,
2026-05-15,2026-05-15,checking,Everyday Checking,1234,Big Bank,Paycheck,,-3200.00,DIRECT DEPOSIT,Income,,,,
2026-05-02,2026-05-02,checking,Everyday Checking,1234,Big Bank,Ally Bank Transfer,,-500.00,SAVINGS,Internal Transfers,,,,
2026-05-16,2026-05-16,checking,Everyday Checking,1234,Big Bank,Ally Bank Transfer,,-500.00,SAVINGS,Internal Transfers,,,,
2026-05-03,2026-05-03,credit,Rewards Card,5678,Big Bank,Whole Foods Market,,142.55,GROCERIES,Groceries,,,,
2026-05-09,2026-05-09,credit,Rewards Card,5678,Big Bank,Trader Joes,,88.21,GROCERIES,Groceries,,,,
2026-05-17,2026-05-17,credit,Rewards Card,5678,Big Bank,Costco,,310.40,GROCERIES,Groceries,,,,
2026-05-24,2026-05-24,credit,Rewards Card,5678,Big Bank,Safeway,,76.10,GROCERIES,Groceries,,,,
2026-05-04,2026-05-04,credit,Rewards Card,5678,Big Bank,Chipotle,,14.85,DINING,Dining & Drinks,,,,
2026-05-06,2026-05-06,credit,Rewards Card,5678,Big Bank,Starbucks,,6.45,DINING,Dining & Drinks,,,,
2026-05-08,2026-05-08,credit,Rewards Card,5678,Big Bank,Starbucks,,5.95,DINING,Dining & Drinks,,,,
2026-05-11,2026-05-11,credit,Rewards Card,5678,Big Bank,Olive Garden,,72.30,DINING,Dining & Drinks,,,,
2026-05-13,2026-05-13,credit,Rewards Card,5678,Big Bank,Chipotle,,16.20,DINING,Dining & Drinks,,,,
2026-05-20,2026-05-20,credit,Rewards Card,5678,Big Bank,DoorDash,,43.88,DINING,Dining & Drinks,,,,
2026-05-22,2026-05-22,credit,Rewards Card,5678,Big Bank,Starbucks,,7.15,DINING,Dining & Drinks,,,,
2026-05-05,2026-05-05,credit,Rewards Card,5678,Big Bank,Shell,,52.00,GAS,Auto & Transport,,,,
2026-05-19,2026-05-19,credit,Rewards Card,5678,Big Bank,Chevron,,48.75,GAS,Auto & Transport,,,,
2026-05-21,2026-05-21,checking,Everyday Checking,1234,Big Bank,Car Insurance,,165.00,INSURANCE,Auto & Transport,,,,
2026-05-07,2026-05-07,checking,Everyday Checking,1234,Big Bank,PG&E Electric,,118.42,UTILITIES,Bills & Utilities,,,,
2026-05-07,2026-05-07,checking,Everyday Checking,1234,Big Bank,Comcast Internet,,89.99,UTILITIES,Bills & Utilities,,,,
2026-05-10,2026-05-10,checking,Everyday Checking,1234,Big Bank,Verizon Wireless,,95.00,UTILITIES,Bills & Utilities,,,,
2026-05-12,2026-05-12,credit,Rewards Card,5678,Big Bank,Amazon,,128.99,SHOPPING,Shopping,,,,
2026-05-18,2026-05-18,credit,Rewards Card,5678,Big Bank,Target,,67.43,SHOPPING,Shopping,,,,
2026-05-25,2026-05-25,credit,Rewards Card,5678,Big Bank,Amazon,,34.21,SHOPPING,Shopping,,,,
2026-05-26,2026-05-26,credit,Rewards Card,5678,Big Bank,Amazon Returns,,-29.99,REFUND,Shopping,,,,
2026-05-14,2026-05-14,credit,Rewards Card,5678,Big Bank,Netflix,,15.49,STREAMING,Entertainment & Rec.,,,,
2026-05-14,2026-05-14,credit,Rewards Card,5678,Big Bank,Spotify,,11.99,STREAMING,Entertainment & Rec.,,,,
2026-05-15,2026-05-15,credit,Rewards Card,5678,Big Bank,GitHub,,4.00,SOFTWARE,Software & Tech,,,,
2026-05-23,2026-05-23,credit,Rewards Card,5678,Big Bank,Delta Air Lines,,420.00,TRAVEL,Travel & Vacation,,,,
2026-05-27,2026-05-27,credit,Rewards Card,5678,Big Bank,Home Depot,,210.55,HOME,Home & Garden,,,,
2026-05-28,2026-05-28,credit,Rewards Card,5678,Big Bank,CVS Pharmacy,,32.40,MEDICAL,Medical,,,,
2026-05-29,2026-05-29,credit,Rewards Card,5678,Big Bank,Petco,,58.20,PETS,Pets,,,,
2026-05-30,2026-05-30,checking,Everyday Checking,1234,Big Bank,Local Food Bank,,200.00,DONATION,Charitable Donations,,,,
2026-05-30,2026-05-30,checking,Everyday Checking,1234,Big Bank,Red Cross,,750.00,DONATION,Charitable Donations,,,,
2026-05-15,2026-05-15,brokerage,Robinhood,9012,Robinhood,Robinhood Investing,,300.00,INVESTMENT,Investment,,,,
2026-05-31,2026-05-31,checking,Everyday Checking,1234,Big Bank,Student Loan,,280.00,LOAN,Loan Payment,,,,
2026-05-28,2026-05-28,credit,Rewards Card,5678,Big Bank,Card Payment,,600.00,PAYMENT,Credit Card Payment,,,,
2026-05-12,2026-05-12,credit,Rewards Card,5678,Big Bank,Unknown Charge,,9.99,MISC,Uncategorized,,,,
